wbs_code,depth,name,spec,unit,qty,exec_rate,exec_cost,layer,prod_rate,est_days,wbs_path
1,1,직접공사비,,,0.0,0.0,6409408214.0,,,,직접공사비
1.1,2,토목공사,,,0.0,0.0,6404458214.0,,,,직접공사비 > 토목공사
1.1.1,3,토공사,,,0.0,0.0,6404458214.0,,,,직접공사비 > 토목공사 > 토공사
1.1.1.1,4,1-1. 토목 및 흙막이공사,,,0.0,0.0,6404458214.0,,,,직접공사비 > 토목공사 > 토공사 > 1-1. 토목 및 흙막이공사
1.1.1.1.1,5,1-1-1. 토공사,,,0.0,0.0,2893259700.0,,,,직접공사비 > 토목공사 > 토공사 > 1-1. 토목 및 흙막이공사 > 1-1-1. 토공사
1.1.1.1.1.1,6,줄파기,,M,362.0,35000.0,12670000.0,,,,직접공사비 > 토목공사 > 토공사 > 1-1. 토목 및 흙막이공사 > 1-1-1. 토공사 > 줄파기
1.1.1.1.1.2,6,터파기,매립토,M3,4375.0,3000.0,13125000.0,매립토,600,2,직접공사비 > 토목공사 > 토공사 > 1-1. 토목 및 흙막이공사 > 1-1-1. 토공사 > 터파기
1.1.1.1.1.3,6,터파기,풍화토,M3,10808.0,4500.0,48636000.0,풍화토,585,3,직접공사비 > 토목공사 > 토공사 > 1-1. 토목 및 흙막이공사 > 1-1-1. 토공사 > 터파기
1.1.1.1.1.4,6,터파기,풍화암,M3,1185.0,10000.0,11850000.0,풍화암,400,1,직접공사비 > 토목공사 > 토공사 > 1-1. 토목 및 흙막이공사 > 1-1-1. 토공사 > 터파기
1.1.1.1.1.5,6,터파기,기반암(미진동발파 TYPE-1),M3,40545.0,38000.0,1540710000.0,기반암(미진동발파),30,194,직접공사비 > 토목공사 > 토공사 > 1-1. 토목 및 흙막이공사 > 1-1-1. 토공사 > 터파기
1.1.1.1.1.6,6,터파기,기반암(할암공법 TYPE-1),M3,10056.0,73000.0,734088000.0,기반암(할암),30,48,직접공사비 > 토목공사 > 토공사 > 1-1. 토목 및 흙막이공사 > 1-1-1. 토공사 > 터파기
1.1.1.1.1.7,6,크람쉘상차,기반암,M3,41234.0,3800.0,156689200.0,기반암,,,직접공사비 > 토목공사 > 토공사 > 1-1. 토목 및 흙막이공사 > 1-1-1. 토공사 > 크람쉘상차
1.1.1.1.1.8,6,잔토처리,매립토,M3,4891.0,21000.0,102711000.0,매립토,,,직접공사비 > 토목공사 > 토공사 > 1-1. 토목 및 흙막이공사 > 1-1-1. 토공사 > 잔토처리
1.1.1.1.1.9,6,잔토처리,풍화토,M3,10808.0,16000.0,172928000.0,풍화토,,,직접공사비 > 토목공사 > 토공사 > 1-1. 토목 및 흙막이공사 > 1-1-1. 토공사 > 잔토처리
1.1.1.1.1.10,6,잔토처리,풍화암,M3,1185.0,11000.0,13035000.0,풍화암,,,직접공사비 > 토목공사 > 토공사 > 1-1. 토목 및 흙막이공사 > 1-1-1. 토공사 > 잔토처리
1.1.1.1.1.11,6,측벽되메우기 및 다짐,양질토,M3,5083.0,6000.0,30498000.0,,,,직접공사비 > 토목공사 > 토공사 > 1-1. 토목 및 흙막이공사 > 1-1-1. 토공사 > 측벽되메우기 및 다짐
1.1.1.1.1.12,6,성토,"양질토, L=20KM",M3,5649.0,5000.0,28245000.0,,,,직접공사비 > 토목공사 > 토공사 > 1-1. 토목 및 흙막이공사 > 1-1-1. 토공사 > 성토
1.1.1.1.1.13,6,바닥정리,사면구간 제외,M2,4841.0,5500.0,26625500.0,,,,직접공사비 > 토목공사 > 토공사 > 1-1. 토목 및 흙막이공사 > 1-1-1. 토공사 > 바닥정리
1.1.1.1.1.14,6,법면보양,사면구간,M2,483.0,3000.0,1449000.0,,,,직접공사비 > 토목공사 > 토공사 > 1-1. 토목 및 흙막이공사 > 1-1-1. 토공사 > 법면보양
1.1.1.1.2,5,1-1-2. CIP공사,,,0.0,0.0,156547350.0,,,,직접공사비 > 토목공사 > 토공사 > 1-1. 토목 및 흙막이공사 > 1-1-2. CIP공사
1.1.1.1.2.1,6,C.I.P 천공,"토사, Φ500, T4",M,464.0,45000.0,20880000.0,토사,120,2,직접공사비 > 토목공사 > 토공사 > 1-1. 토목 및 흙막이공사 > 1-1-2. CIP공사 > C.I.P 천공
1.1.1.1.2.2,6,C.I.P 천공,"풍화암, Φ600, T4",M,31.0,60000.0,1860000.0,풍화암,120,1,직접공사비 > 토목공사 > 토공사 > 1-1. 토목 및 흙막이공사 > 1-1-2. CIP공사 > C.I.P 천공
1.1.1.1.2.3,6,케이싱 설치 및 해체,Φ500,M,1546.0,3000.0,4638000.0,,,,직접공사비 > 토목공사 > 토공사 > 1-1. 토목 및 흙막이공사 > 1-1-2. CIP공사 > 케이싱 설치 및 해체
1.1.1.1.2.4,6,철근 현장가공 및 조립,간단,TON,43.74,200000.0,8748000.0,,,,직접공사비 > 토목공사 > 토공사 > 1-1. 토목 및 흙막이공사 > 1-1-2. CIP공사 > 철근 현장가공 및 조립
1.1.1.1.2.5,6,철근망 건입,C.I.P,EA,398.0,30000.0,11940000.0,,,,직접공사비 > 토목공사 > 토공사 > 1-1. 토목 및 흙막이공사 > 1-1-2. CIP공사 > 철근망 건입
1.1.1.1.2.6,6,C.I.P 속채움콘크리트 타설,철근,M3,954.0,15000.0,14310000.0,,,,직접공사비 > 토목공사 > 토공사 > 1-1. 토목 및 흙막이공사 > 1-1-2. CIP공사 > C.I.P 속채움콘크리트 타설
1.1.1.1.2.7,6,C.I.P 면정리,,M2,1245.0,3500.0,4357500.0,,,,직접공사비 > 토목공사 > 토공사 > 1-1. 토목 및 흙막이공사 > 1-1-2. CIP공사 > C.I.P 면정리
1.1.1.1.2.8,6,CAP-BEAM 거푸집설치,합판6회,M2,180.0,20000.0,3600000.0,,,,직접공사비 > 토목공사 > 토공사 > 1-1. 토목 및 흙막이공사 > 1-1-2. CIP공사 > CAP-BEAM 거푸집설치
1.1.1.1.2.9,6,CAP-BEAM 철근가공 및 조립,간단,TON,3.911,350000.0,1368850.0,,,,직접공사비 > 토목공사 > 토공사 > 1-1. 토목 및 흙막이공사 > 1-1-2. CIP공사 > CAP-BEAM 철근가공 및 조립
1.1.1.1.2.10,6,CAP-BEAM 타설,철근,M3,50.0,50000.0,2500000.0,,,,직접공사비 > 토목공사 > 토공사 > 1-1. 토목 및 흙막이공사 > 1-1-2. CIP공사 > CAP-BEAM 타설
1.1.1.1.2.11,6,굴착토처리,토사,M3,898.0,24000.0,21552000.0,토사,,,직접공사비 > 토목공사 > 토공사 > 1-1. 토목 및 흙막이공사 > 1-1-2. CIP공사 > 굴착토처리
1.1.1.1.2.12,6,굴착토처리,풍화암,M3,57.0,24000.0,1368000.0,풍화암,,,직접공사비 > 토목공사 > 토공사 > 1-1. 토목 및 흙막이공사 > 1-1-2. CIP공사 > 굴착토처리
1.1.1.1.2.13,6,폐기물처리,상차 및 운반 포함,TON,185.0,35000.0,6475000.0,,,,직접공사비 > 토목공사 > 토공사 > 1-1. 토목 및 흙막이공사 > 1-1-2. CIP공사 > 폐기물처리
1.1.1.1.2.14,6,C.I.P 천공,"토사, Φ500, 토네이도",M,1082.0,45000.0,48690000.0,토사,80,7,직접공사비 > 토목공사 > 토공사 > 1-1. 토목 및 흙막이공사 > 1-1-2. CIP공사 > C.I.P 천공
1.1.1.1.2.15,6,C.I.P 천공,"풍화암, Φ600, 토네이도",M,71.0,60000.0,4260000.0,풍화암,80,1,직접공사비 > 토목공사 > 토공사 > 1-1. 토목 및 흙막이공사 > 1-1-2. CIP공사 > C.I.P 천공
1.1.1.1.3,5,1-1-3. SIDE-PILE공사,,,0.0,0.0,406341000.0,,,,직접공사비 > 토목공사 > 토공사 > 1-1. 토목 및 흙막이공사 > 1-1-3. SIDE-PILE공사
1.1.1.1.3.1,6,H-PILE 천공,"토사, Φ500",M,817.0,45000.0,36765000.0,토사,80,6,직접공사비 > 토목공사 > 토공사 > 1-1. 토목 및 흙막이공사 > 1-1-3. SIDE-PILE공사 > H-PILE 천공
1.1.1.1.3.2,6,H-PILE 천공,"풍화암, Φ500",M,50.0,60000.0,3000000.0,풍화암,80,1,직접공사비 > 토목공사 > 토공사 > 1-1. 토목 및 흙막이공사 > 1-1-3. SIDE-PILE공사 > H-PILE 천공
1.1.1.1.3.3,6,H-PILE 천공,"기반암, Φ500",M,2550.0,120000.0,306000000.0,기반암,80,16,직접공사비 > 토목공사 > 토공사 > 1-1. 토목 및 흙막이공사 > 1-1-3. SIDE-PILE공사 > H-PILE 천공
1.1.1.1.3.4,6,케이싱 설치 및 해체,Φ500,M,817.0,3000.0,2451000.0,,,,직접공사비 > 토목공사 > 토공사 > 1-1. 토목 및 흙막이공사 > 1-1-3. SIDE-PILE공사 > 케이싱 설치 및 해체
1.1.1.1.3.5,6,H파일항타(진동식),H-300x300x10x15,본,240.0,35000.0,8400000.0,,,,직접공사비 > 토목공사 > 토공사 > 1-1. 토목 및 흙막이공사 > 1-1-3. SIDE-PILE공사 > H파일항타(진동식)
1.1.1.1.3.6,6,H-PILE 이음,H-PILE 이음,EA,240.0,180000.0,43200000.0,,,,직접공사비 > 토목공사 > 토공사 > 1-1. 토목 및 흙막이공사 > 1-1-3. SIDE-PILE공사 > H-PILE 이음
1.1.1.1.3.7,6,H-PILE 인발,H-300x300x10x15,M,435.0,15000.0,6525000.0,,,,직접공사비 > 토목공사 > 토공사 > 1-1. 토목 및 흙막이공사 > 1-1-3. SIDE-PILE공사 > H-PILE 인발
1.1.1.1.4,5,1-1-4. POST-PILE공사,,,0.0,0.0,175878000.0,,,,직접공사비 > 토목공사 > 토공사 > 1-1. 토목 및 흙막이공사 > 1-1-4. POST-PILE공사
1.1.1.1.4.1,6,H-PILE 천공,"토사, Φ500, T4",M,261.0,45000.0,11745000.0,토사,120,2,직접공사비 > 토목공사 > 토공사 > 1-1. 토목 및 흙막이공사 > 1-1-4. POST-PILE공사 > H-PILE 천공
1.1.1.1.4.2,6,H-PILE 천공,"풍화암, Φ500, T4",M,22.0,60000.0,1320000.0,풍화암,120,1,직접공사비 > 토목공사 > 토공사 > 1-1. 토목 및 흙막이공사 > 1-1-4. POST-PILE공사 > H-PILE 천공
1.1.1.1.4.3,6,H-PILE 천공,"기반암, Φ500, T4",M,1053.0,120000.0,126360000.0,기반암,120,5,직접공사비 > 토목공사 > 토공사 > 1-1. 토목 및 흙막이공사 > 1-1-4. POST-PILE공사 > H-PILE 천공
1.1.1.1.4.4,6,케이싱 설치 및 해체,Φ500,M,261.0,3000.0,783000.0,,,,직접공사비 > 토목공사 > 토공사 > 1-1. 토목 및 흙막이공사 > 1-1-4. POST-PILE공사 > 케이싱 설치 및 해체
1.1.1.1.4.5,6,H파일항타(진동식),H-300x300x10x15,본,93.0,35000.0,3255000.0,,,,직접공사비 > 토목공사 > 토공사 > 1-1. 토목 및 흙막이공사 > 1-1-4. POST-PILE공사 > H파일항타(진동식)
1.1.1.1.4.6,6,H-PILE 이음,H-300x300x10x15, EA,93.0,180000.0,16740000.0,,,,직접공사비 > 토목공사 > 토공사 > 1-1. 토목 및 흙막이공사 > 1-1-4. POST-PILE공사 > H-PILE 이음
1.1.1.1.4.7,6,H-PILE 인발,H-300x300x10x15,M,1045.0,15000.0,15675000.0,,,,직접공사비 > 토목공사 > 토공사 > 1-1. 토목 및 흙막이공사 > 1-1-4. POST-PILE공사 > H-PILE 인발
1.1.1.1.5,5,1-1-5. 띠장 및 STRUT공사,,,0.0,0.0,127275000.0,,,,직접공사비 > 토목공사 > 토공사 > 1-1. 토목 및 흙막이공사 > 1-1-5. 띠장 및 STRUT공사
1.1.1.1.5.1,6,띠장 설치 및 해체,H-300x300x9x14,M,256.0,30000.0,7680000.0,,,,직접공사비 > 토목공사 > 토공사 > 1-1. 토목 및 흙막이공사 > 1-1-5. 띠장 및 STRUT공사 > 띠장 설치 및 해체
1.1.1.1.5.2,6,띠장 설치 및 해체,H-300x300x10x15,M,10.0,30000.0,300000.0,,,,직접공사비 > 토목공사 > 토공사 > 1-1. 토목 및 흙막이공사 > 1-1-5. 띠장 및 STRUT공사 > 띠장 설치 및 해체
1.1.1.1.5.3,6,띠장 설치 및 해체,H-440x300x11x18,M,1297.0,35000.0,45395000.0,,,,직접공사비 > 토목공사 > 토공사 > 1-1. 토목 및 흙막이공사 > 1-1-5. 띠장 및 STRUT공사 > 띠장 설치 및 해체
1.1.1.1.5.4,6,H-PILE 이음,H-300x200x9x14,EA,22.0,100000.0,2200000.0,,,,직접공사비 > 토목공사 > 토공사 > 1-1. 토목 및 흙막이공사 > 1-1-5. 띠장 및 STRUT공사 > H-PILE 이음
1.1.1.1.5.5,6,H-PILE 이음,H-440x300x11x18,EA,104.0,210000.0,21840000.0,,,,직접공사비 > 토목공사 > 토공사 > 1-1. 토목 및 흙막이공사 > 1-1-5. 띠장 및 STRUT공사 > H-PILE 이음
1.1.1.1.5.6,6,BRACKET 설치 및 해체,L-90x90x10,EA,1108.0,20000.0,22160000.0,,,,직접공사비 > 토목공사 > 토공사 > 1-1. 토목 및 흙막이공사 > 1-1-5. 띠장 및 STRUT공사 > BRACKET 설치 및 해체
1.1.1.1.5.7,6,홈메우기 설치 및 해체,,EA,1108.0,25000.0,27700000.0,,,,직접공사비 > 토목공사 > 토공사 > 1-1. 토목 및 흙막이공사 > 1-1-5. 띠장 및 STRUT공사 > 홈메우기 설치 및 해체
1.1.1.1.6,5,1-1-6. 합성버팀보공사 (TLS),,,0.0,0.0,336826000.0,,,,직접공사비 > 토목공사 > 토공사 > 1-1. 토목 및 흙막이공사 > 1-1-6. 합성버팀보공사 (TLS)
1.1.1.1.6.1,6,STRUT 설치 및 철거,H-300x300x10x15,M,49.0,45000.0,2205000.0,,,,직접공사비 > 토목공사 > 토공사 > 1-1. 토목 및 흙막이공사 > 1-1-6. 합성버팀보공사 (TLS) > STRUT 설치 및 철거
1.1.1.1.6.2,6,STRUT 제작,H-300x300x10x15,개소,30.0,150000.0,4500000.0,,,,직접공사비 > 토목공사 > 토공사 > 1-1. 토목 및 흙막이공사 > 1-1-6. 합성버팀보공사 (TLS) > STRUT 제작
1.1.1.1.6.3,6,합성버팀보 설치 및 철거,ㅁ-460x460x12 (0.2M),SET,49.0,6000.0,294000.0,,,,직접공사비 > 토목공사 > 토공사 > 1-1. 토목 및 흙막이공사 > 1-1-6. 합성버팀보공사 (TLS) > 합성버팀보 설치 및 철거
1.1.1.1.6.4,6,합성버팀보 설치 및 철거,ㅁ-460x460x12 (0.5M),SET,62.0,16000.0,992000.0,,,,직접공사비 > 토목공사 > 토공사 > 1-1. 토목 및 흙막이공사 > 1-1-6. 합성버팀보공사 (TLS) > 합성버팀보 설치 및 철거
1.1.1.1.6.5,6,합성버팀보 설치 및 철거,ㅁ-460x460x12 (1.0M),SET,55.0,32000.0,1760000.0,,,,직접공사비 > 토목공사 > 토공사 > 1-1. 토목 및 흙막이공사 > 1-1-6. 합성버팀보공사 (TLS) > 합성버팀보 설치 및 철거
1.1.1.1.6.6,6,합성버팀보 설치 및 철거,ㅁ-460x460x12 (2.0M),SET,51.0,64000.0,3264000.0,,,,직접공사비 > 토목공사 > 토공사 > 1-1. 토목 및 흙막이공사 > 1-1-6. 합성버팀보공사 (TLS) > 합성버팀보 설치 및 철거
1.1.1.1.6.7,6,합성버팀보 설치 및 철거,ㅁ-460x460x12 (3.0M),SET,63.0,96000.0,6048000.0,,,,직접공사비 > 토목공사 > 토공사 > 1-1. 토목 및 흙막이공사 > 1-1-6. 합성버팀보공사 (TLS) > 합성버팀보 설치 및 철거
1.1.1.1.6.8,6,합성버팀보 설치 및 철거,ㅁ-460x460x12 (6.0M),SET,54.0,192000.0,10368000.0,,,,직접공사비 > 토목공사 > 토공사 > 1-1. 토목 및 흙막이공사 > 1-1-6. 합성버팀보공사 (TLS) > 합성버팀보 설치 및 철거
1.1.1.1.6.9,6,합성버팀보 설치 및 철거,ㅁ-460x460x12 (9.0M),SET,9.0,288000.0,2592000.0,,,,직접공사비 > 토목공사 > 토공사 > 1-1. 토목 및 흙막이공사 > 1-1-6. 합성버팀보공사 (TLS) > 합성버팀보 설치 및 철거
1.1.1.1.6.10,6,합성버팀보 설치 및 철거,ㅁ-460x460x12 (10.0M),SET,295.0,320000.0,94400000.0,,,,직접공사비 > 토목공사 > 토공사 > 1-1. 토목 및 흙막이공사 > 1-1-6. 합성버팀보공사 (TLS) > 합성버팀보 설치 및 철거
1.1.1.1.6.11,6,합성버팀보 잭 설치 및 철거,,SET,198.0,45000.0,8910000.0,,,,직접공사비 > 토목공사 > 토공사 > 1-1. 토목 및 흙막이공사 > 1-1-6. 합성버팀보공사 (TLS) > 합성버팀보 잭 설치 및 철거
1.1.1.1.6.12,6,합성버팀보 단부 연결 및 해체,,EA,396.0,45000.0,17820000.0,,,,직접공사비 > 토목공사 > 토공사 > 1-1. 토목 및 흙막이공사 > 1-1-6. 합성버팀보공사 (TLS) > 합성버팀보 단부 연결 및 해체
1.1.1.1.6.13,6,합성버팀보 회전화타 설치 및 철거,,EA,302.0,53000.0,16006000.0,,,,직접공사비 > 토목공사 > 토공사 > 1-1. 토목 및 흙막이공사 > 1-1-6. 합성버팀보공사 (TLS) > 합성버팀보 회전화타 설치 및 철거
1.1.1.1.6.14,6,TLS 중앙부 설치 및 철거,ㅁ-460x460x12,개소,440.0,50000.0,22000000.0,,,,직접공사비 > 토목공사 > 토공사 > 1-1. 토목 및 흙막이공사 > 1-1-6. 합성버팀보공사 (TLS) > TLS 중앙부 설치 및 철거
1.1.1.1.6.15,6,TLS 고정앵글 설치 및 철거,L=500MM,개소,468.0,40000.0,18720000.0,,,,직접공사비 > 토목공사 > 토공사 > 1-1. 토목 및 흙막이공사 > 1-1-6. 합성버팀보공사 (TLS) > TLS 고정앵글 설치 및 철거
1.1.1.1.6.16,6,스티프너 설치 및 철거,,EA,1584.0,18000.0,28512000.0,,,,직접공사비 > 토목공사 > 토공사 > 1-1. 토목 및 흙막이공사 > 1-1-6. 합성버팀보공사 (TLS) > 스티프너 설치 및 철거
1.1.1.1.6.17,6,밀림방지 설치 및 철거,L-1,개소,356.0,35000.0,12460000.0,,,,직접공사비 > 토목공사 > 토공사 > 1-1. 토목 및 흙막이공사 > 1-1-6. 합성버팀보공사 (TLS) > 밀림방지 설치 및 철거
1.1.1.1.6.18,6,받침빔 설치 및 철거,ㄷ-380x100x10.5x16,M,1759.0,25000.0,43975000.0,,,,직접공사비 > 토목공사 > 토공사 > 1-1. 토목 및 흙막이공사 > 1-1-6. 합성버팀보공사 (TLS) > 받침빔 설치 및 철거
1.1.1.1.6.19,6,받침빔 연결 및 해체,ㄷ-380x100x10.5x16,개소,140.0,50000.0,7000000.0,,,,직접공사비 > 토목공사 > 토공사 > 1-1. 토목 및 흙막이공사 > 1-1-6. 합성버팀보공사 (TLS) > 받침빔 연결 및 해체
1.1.1.1.6.20,6,볼트너트 설치 및 철거,,식,1.0,35000000.0,35000000.0,,,,직접공사비 > 토목공사 > 토공사 > 1-1. 토목 및 흙막이공사 > 1-1-6. 합성버팀보공사 (TLS) > 볼트너트 설치 및 철거
1.1.1.1.7,5,1-1-7. A.D.G 그라우팅,,,0.0,0.0,68040000.0,,,,직접공사비 > 토목공사 > 토공사 > 1-1. 토목 및 흙막이공사 > 1-1-7. A.D.G 그라우팅
1.1.1.1.7.1,6,A.D.G 천공,"토사, D=40.5MM",M,2344.0,15000.0,35160000.0,토사,,,직접공사비 > 토목공사 > 토공사 > 1-1. 토목 및 흙막이공사 > 1-1-7. A.D.G 그라우팅 > A.D.G 천공
1.1.1.1.7.2,6,A.D.G 천공,"풍화암, D=40.5MM",M,148.0,15000.0,2220000.0,풍화암,,,직접공사비 > 토목공사 > 토공사 > 1-1. 토목 및 흙막이공사 > 1-1-7. A.D.G 그라우팅 > A.D.G 천공
1.1.1.1.7.3,6,A.D.G 주입비,현탁액형,M3,137.0,180000.0,24660000.0,,150,1,직접공사비 > 토목공사 > 토공사 > 1-1. 토목 및 흙막이공사 > 1-1-7. A.D.G 그라우팅 > A.D.G 주입비
1.1.1.1.7.4,6,기계기구설치 및 해체,A.D.G 1회/20M,회,15.0,100000.0,1500000.0,,,,직접공사비 > 토목공사 > 토공사 > 1-1. 토목 및 흙막이공사 > 1-1-7. A.D.G 그라우팅 > 기계기구설치 및 해체
1.1.1.1.7.5,6,플랜트 설치 및 해체,A.D.G 1회/100M,회,3.0,1500000.0,4500000.0,,,,직접공사비 > 토목공사 > 토공사 > 1-1. 토목 및 흙막이공사 > 1-1-7. A.D.G 그라우팅 > 플랜트 설치 및 해체
1.1.1.1.8,5,1-1-8. 제거식 어스앵커공사,,,0.0,0.0,56380500.0,,,,직접공사비 > 토목공사 > 토공사 > 1-1. 토목 및 흙막이공사 > 1-1-8. 제거식 어스앵커공사
1.1.1.1.8.1,6,어스앵커 천공 및 삽입(Φ108),토사,M,129.0,23000.0,2967000.0,토사,,,직접공사비 > 토목공사 > 토공사 > 1-1. 토목 및 흙막이공사 > 1-1-8. 제거식 어스앵커공사 > 어스앵커 천공 및 삽입(Φ108)
1.1.1.1.8.2,6,어스앵커 천공 및 삽입(Φ108),풍화암,M,86.0,24000.0,2064000.0,풍화암,,,직접공사비 > 토목공사 > 토공사 > 1-1. 토목 및 흙막이공사 > 1-1-8. 제거식 어스앵커공사 > 어스앵커 천공 및 삽입(Φ108)
1.1.1.1.8.3,6,어스앵커 천공 및 삽입(Φ108),기반암,M,865.0,25000.0,21625000.0,기반암,,,직접공사비 > 토목공사 > 토공사 > 1-1. 토목 및 흙막이공사 > 1-1-8. 제거식 어스앵커공사 > 어스앵커 천공 및 삽입(Φ108)
1.1.1.1.8.4,6,어스앵커강선 제작 및 삽입,STRAND Φ12.7MM x 4EA ,M,1192.0,11000.0,13112000.0,,,,직접공사비 > 토목공사 > 토공사 > 1-1. 토목 및 흙막이공사 > 1-1-8. 제거식 어스앵커공사 > 어스앵커강선 제작 및 삽입
1.1.1.1.8.5,6,어스앵커 그라우팅,Φ108,M3,35.0,150000.0,5250000.0,,,,직접공사비 > 토목공사 > 토공사 > 1-1. 토목 및 흙막이공사 > 1-1-8. 제거식 어스앵커공사 > 어스앵커 그라우팅
1.1.1.1.8.6,6,PC콘 조립 및 인장,Φ108,공,79.0,40000.0,3160000.0,,,,직접공사비 > 토목공사 > 토공사 > 1-1. 토목 및 흙막이공사 > 1-1-8. 제거식 어스앵커공사 > PC콘 조립 및 인장
1.1.1.1.8.7,6,대좌설치 및 해체,,EA,79.0,80000.0,6320000.0,,,,직접공사비 > 토목공사 > 토공사 > 1-1. 토목 및 흙막이공사 > 1-1-8. 제거식 어스앵커공사 > 대좌설치 및 해체
1.1.1.1.8.8,6,PC강선 제거,STRAND Φ12.7MM x 4EA ,M,1255.0,1500.0,1882500.0,,,,직접공사비 > 토목공사 > 토공사 > 1-1. 토목 및 흙막이공사 > 1-1-8. 제거식 어스앵커공사 > PC강선 제거
1.1.1.1.9,5,1-1-9. 숏크리트공사,,,0.0,0.0,94560000.0,,,,직접공사비 > 토목공사 > 토공사 > 1-1. 토목 및 흙막이공사 > 1-1-9. 숏크리트공사
1.1.1.1.9.1,6,숏크리트타설,T=10CM,M2,3152.0,30000.0,94560000.0,,,,직접공사비 > 토목공사 > 토공사 > 1-1. 토목 및 흙막이공사 > 1-1-9. 숏크리트공사 > 숏크리트타설
1.1.1.1.10,5,1-1-11. 부대공사,,,0.0,0.0,738695000.0,,,,직접공사비 > 토목공사 > 토공사 > 1-1. 토목 및 흙막이공사 > 1-1-11. 부대공사
1.1.1.1.10.1,6,강재운반,편도,TON,347.0,60000.0,20820000.0,,,,직접공사비 > 토목공사 > 토공사 > 1-1. 토목 및 흙막이공사 > 1-1-11. 부대공사 > 강재운반
1.1.1.1.10.2,6,강재운반,왕복,TON,489.0,100000.0,48900000.0,,,,직접공사비 > 토목공사 > 토공사 > 1-1. 토목 및 흙막이공사 > 1-1-11. 부대공사 > 강재운반
1.1.1.1.10.3,6,임시 집수정,,EA,3.0,800000.0,2400000.0,,,,직접공사비 > 토목공사 > 토공사 > 1-1. 토목 및 흙막이공사 > 1-1-11. 부대공사 > 임시 집수정
1.1.1.1.10.4,6,임시 침사지,,EA,2.0,2000000.0,4000000.0,,,,직접공사비 > 토목공사 > 토공사 > 1-1. 토목 및 흙막이공사 > 1-1-11. 부대공사 > 임시 침사지
1.1.1.1.10.5,6,가배수로,,M,1527.0,10000.0,15270000.0,,,,직접공사비 > 토목공사 > 토공사 > 1-1. 토목 및 흙막이공사 > 1-1-11. 부대공사 > 가배수로
1.1.1.1.10.6,6,배출호스,,M,40.0,60000.0,2400000.0,,,,직접공사비 > 토목공사 > 토공사 > 1-1. 토목 및 흙막이공사 > 1-1-11. 부대공사 > 배출호스
1.1.1.1.10.7,6,펌프설치,여유분 1대포함,대,4.0,1000000.0,4000000.0,,,,직접공사비 > 토목공사 > 토공사 > 1-1. 토목 및 흙막이공사 > 1-1-11. 부대공사 > 펌프설치
1.1.1.1.10.8,6,양수비,,월,11.0,1000000.0,11000000.0,,,,직접공사비 > 토목공사 > 토공사 > 1-1. 토목 및 흙막이공사 > 1-1-11. 부대공사 > 양수비
1.1.1.1.10.9,6,안전난간대,,M,361.0,45000.0,16245000.0,,,,직접공사비 > 토목공사 > 토공사 > 1-1. 토목 및 흙막이공사 > 1-1-11. 부대공사 > 안전난간대
1.1.1.1.10.10,6,안전계단,,EA,2.0,10000000.0,20000000.0,,,,직접공사비 > 토목공사 > 토공사 > 1-1. 토목 및 흙막이공사 > 1-1-11. 부대공사 > 안전계단
1.1.1.1.10.11,6,세륜기설치 및 관리,세륜기 지급,대,3.0,23000000.0,69000000.0,,,,직접공사비 > 토목공사 > 토공사 > 1-1. 토목 및 흙막이공사 > 1-1-11. 부대공사 > 세륜기설치 및 관리
1.1.1.1.10.12,6,축중기,,월,18.0,500000.0,9000000.0,,,,직접공사비 > 토목공사 > 토공사 > 1-1. 토목 및 흙막이공사 > 1-1-11. 부대공사 > 축중기
1.1.1.1.10.13,6,AIR 방음벽,,EA,6.0,3500000.0,21000000.0,,,,직접공사비 > 토목공사 > 토공사 > 1-1. 토목 및 흙막이공사 > 1-1-11. 부대공사 > AIR 방음벽
1.1.1.1.10.14,6,영구배수공사,,M2,3120.0,7000.0,21840000.0,,,,직접공사비 > 토목공사 > 토공사 > 1-1. 토목 및 흙막이공사 > 1-1-11. 부대공사 > 영구배수공사
1.1.1.1.10.15,6,평판재하시험,일반시험 기준,개소,4.0,850000.0,3400000.0,,,,직접공사비 > 토목공사 > 토공사 > 1-1. 토목 및 흙막이공사 > 1-1-11. 부대공사 > 평판재하시험
1.1.1.1.10.16,6,복공판설치 해체,,M2,1045.0,180000.0,188100000.0,,,,직접공사비 > 토목공사 > 토공사 > 1-1. 토목 및 흙막이공사 > 1-1-11. 부대공사 > 복공판설치 해체
1.1.1.1.10.17,6,복공주보 손료,,TON,84.0,560000.0,47040000.0,,,,직접공사비 > 토목공사 > 토공사 > 1-1. 토목 및 흙막이공사 > 1-1-11. 부대공사 > 복공주보 손료
1.1.1.1.10.18,6,복공판 손료,,EA,733.0,160000.0,117280000.0,,,,직접공사비 > 토목공사 > 토공사 > 1-1. 토목 및 흙막이공사 > 1-1-11. 부대공사 > 복공판 손료
1.1.1.1.10.19,6,살수차 운행비,,월,18.0,6500000.0,117000000.0,,,,직접공사비 > 토목공사 > 토공사 > 1-1. 토목 및 흙막이공사 > 1-1-11. 부대공사 > 살수차 운행비
1.1.1.1.11,5,1-1-12. 주요 자재대,,,0.0,0.0,1283510014.0,,,,직접공사비 > 토목공사 > 토공사 > 1-1. 토목 및 흙막이공사 > 1-1-12. 주요 자재대
1.1.1.1.11.1,6,H형강/사장,H-300x300x10x15,TON,346.185,1250000.0,432731250.0,,,,직접공사비 > 토목공사 > 토공사 > 1-1. 토목 및 흙막이공사 > 1-1-12. 주요 자재대 > H형강/사장
1.1.1.1.11.2,6,H형강/손료(12개월),H-300x300x9x14,TON,18.799,670000.0,12595330.0,,,,직접공사비 > 토목공사 > 토공사 > 1-1. 토목 및 흙막이공사 > 1-1-12. 주요 자재대 > H형강/손료(12개월)
1.1.1.1.11.3,6,H형강/손료(12개월),H-300x300x10x15,TON,162.629,670000.0,108961430.0,,,,직접공사비 > 토목공사 > 토공사 > 1-1. 토목 및 흙막이공사 > 1-1-12. 주요 자재대 > H형강/손료(12개월)
1.1.1.1.11.4,6,H형강/손료(12개월),H-440x300x11x18,TON,181.001,420000.0,76020420.0,,,,직접공사비 > 토목공사 > 토공사 > 1-1. 토목 및 흙막이공사 > 1-1-12. 주요 자재대 > H형강/손료(12개월)
1.1.1.1.11.5,6,ㄷ형강/손료(12개월),ㄷ-380x100x10.5x16,TON,102.588,440000.0,45138720.0,,,,직접공사비 > 토목공사 > 토공사 > 1-1. 토목 및 흙막이공사 > 1-1-12. 주요 자재대 > ㄷ형강/손료(12개월)
1.1.1.1.11.6,6,L형강/손료(12개월),L-90x90x10,TON,23.21,1200000.0,27852000.0,,,,직접공사비 > 토목공사 > 토공사 > 1-1. 토목 및 흙막이공사 > 1-1-12. 주요 자재대 > L형강/손료(12개월)
1.1.1.1.11.7,6,합성버팀보/손료(12개월),ㅁ-450x450x6 (0.2M),SET,49.0,75000.0,3675000.0,,,,직접공사비 > 토목공사 > 토공사 > 1-1. 토목 및 흙막이공사 > 1-1-12. 주요 자재대 > 합성버팀보/손료(12개월)
1.1.1.1.11.8,6,합성버팀보/손료(12개월),ㅁ-450x450x6 (0.5M),SET,62.0,92000.0,5704000.0,,,,직접공사비 > 토목공사 > 토공사 > 1-1. 토목 및 흙막이공사 > 1-1-12. 주요 자재대 > 합성버팀보/손료(12개월)
1.1.1.1.11.9,6,합성버팀보/손료(12개월),ㅁ-450x450x6 (1.0M),SET,55.0,125000.0,6875000.0,,,,직접공사비 > 토목공사 > 토공사 > 1-1. 토목 및 흙막이공사 > 1-1-12. 주요 자재대 > 합성버팀보/손료(12개월)
1.1.1.1.11.10,6,합성버팀보/손료(12개월),ㅁ-450x450x6 (2.0M),SET,51.0,159000.0,8109000.0,,,,직접공사비 > 토목공사 > 토공사 > 1-1. 토목 및 흙막이공사 > 1-1-12. 주요 자재대 > 합성버팀보/손료(12개월)
1.1.1.1.11.11,6,합성버팀보/손료(12개월),ㅁ-450x450x6 (3.0M),SET,63.0,209000.0,13167000.0,,,,직접공사비 > 토목공사 > 토공사 > 1-1. 토목 및 흙막이공사 > 1-1-12. 주요 자재대 > 합성버팀보/손료(12개월)
1.1.1.1.11.12,6,합성버팀보/손료(12개월),ㅁ-450x450x6 (6.0M),SET,54.0,344000.0,18576000.0,,,,직접공사비 > 토목공사 > 토공사 > 1-1. 토목 및 흙막이공사 > 1-1-12. 주요 자재대 > 합성버팀보/손료(12개월)
1.1.1.1.11.13,6,합성버팀보/손료(12개월),ㅁ-450x450x6 (9.0M),SET,9.0,479000.0,4311000.0,,,,직접공사비 > 토목공사 > 토공사 > 1-1. 토목 및 흙막이공사 > 1-1-12. 주요 자재대 > 합성버팀보/손료(12개월)
1.1.1.1.11.14,6,합성버팀보/손료(12개월),ㅁ-450x450x6 (10.0M),SET,295.0,520000.0,153400000.0,,,,직접공사비 > 토목공사 > 토공사 > 1-1. 토목 및 흙막이공사 > 1-1-12. 주요 자재대 > 합성버팀보/손료(12개월)
1.1.1.1.11.15,6,합성버팀보 JACK/손료(12개월),,SET,198.0,168000.0,33264000.0,,,,직접공사비 > 토목공사 > 토공사 > 1-1. 토목 및 흙막이공사 > 1-1-12. 주요 자재대 > 합성버팀보 JACK/손료(12개월)
1.1.1.1.11.16,6,합성버팀보 손료 보정,(9개월+2개월서비스)→16개월,SET,836.0,322424.0,269546464.0,,,,직접공사비 > 토목공사 > 토공사 > 1-1. 토목 및 흙막이공사 > 1-1-12. 주요 자재대 > 합성버팀보 손료 보정
1.1.1.1.11.17,6,TLS 고정단부(직선부),고정단부,EA,52.0,63000.0,3276000.0,,,,직접공사비 > 토목공사 > 토공사 > 1-1. 토목 및 흙막이공사 > 1-1-12. 주요 자재대 > TLS 고정단부(직선부)
1.1.1.1.11.18,6,TLS 회전단부(우각부),회전조인트(TRA),EA,302.0,75000.0,22650000.0,,,,직접공사비 > 토목공사 > 토공사 > 1-1. 토목 및 흙막이공사 > 1-1-12. 주요 자재대 > TLS 회전단부(우각부)
1.1.1.1.11.19,6,TLS 고정앵글,L=500MM,SET,468.0,12000.0,5616000.0,,,,직접공사비 > 토목공사 > 토공사 > 1-1. 토목 및 흙막이공사 > 1-1-12. 주요 자재대 > TLS 고정앵글
1.1.1.1.11.20,6,공장조립지원/기타철물,,TON,25.729,600000.0,15437400.0,,,,직접공사비 > 토목공사 > 토공사 > 1-1. 토목 및 흙막이공사 > 1-1-12. 주요 자재대 > 공장조립지원/기타철물
1.1.1.1.11.21,6,와이어메쉬,"#6, 100x100",M2,4744.0,3500.0,16604000.0,,,,직접공사비 > 토목공사 > 토공사 > 1-1. 토목 및 흙막이공사 > 1-1-12. 주요 자재대 > 와이어메쉬
1.1.1.1.12,5,1-1-13. 잔여구조물 철거공사,,,0.0,0.0,67145650.0,,,,직접공사비 > 토목공사 > 토공사 > 1-1. 토목 및 흙막이공사 > 1-1-13. 잔여구조물 철거공사
1.1.1.1.12.1,6,천공 및 H-PILE 항타,무진동토네이도,M,244.0,45000.0,10980000.0,,80,2,직접공사비 > 토목공사 > 토공사 > 1-1. 토목 및 흙막이공사 > 1-1-13. 잔여구조물 철거공사 > 천공 및 H-PILE 항타
1.1.1.1.12.2,6,굴착토처리,,M3,32.0,24000.0,768000.0,,,,직접공사비 > 토목공사 > 토공사 > 1-1. 토목 및 흙막이공사 > 1-1-13. 잔여구조물 철거공사 > 굴착토처리
1.1.1.1.12.3,6,H-PILE 인발,,M,244.0,18000.0,4392000.0,,,,직접공사비 > 토목공사 > 토공사 > 1-1. 토목 및 흙막이공사 > 1-1-13. 잔여구조물 철거공사 > H-PILE 인발
1.1.1.1.12.4,6,띠장연결,,EA,6.0,60000.0,360000.0,,,,직접공사비 > 토목공사 > 토공사 > 1-1. 토목 및 흙막이공사 > 1-1-13. 잔여구조물 철거공사 > 띠장연결
1.1.1.1.12.5,6,띠장설치및해체,H-300*300,M,70.0,38000.0,2660000.0,,,,직접공사비 > 토목공사 > 토공사 > 1-1. 토목 및 흙막이공사 > 1-1-13. 잔여구조물 철거공사 > 띠장설치및해체
1.1.1.1.12.6,6,띠장홈메우기,,EA,48.0,40000.0,1920000.0,,,,직접공사비 > 토목공사 > 토공사 > 1-1. 토목 및 흙막이공사 > 1-1-13. 잔여구조물 철거공사 > 띠장홈메우기
1.1.1.1.12.7,6,보걸이 설치 및 해체,,EA,48.0,32000.0,1536000.0,,,,직접공사비 > 토목공사 > 토공사 > 1-1. 토목 및 흙막이공사 > 1-1-13. 잔여구조물 철거공사 > 보걸이 설치 및 해체
1.1.1.1.12.8,6,토류판 설치 및 해체,,M2,231.0,30000.0,6930000.0,,,,직접공사비 > 토목공사 > 토공사 > 1-1. 토목 및 흙막이공사 > 1-1-13. 잔여구조물 철거공사 > 토류판 설치 및 해체
1.1.1.1.12.9,6,강재손료,H-300*300,TON,33.0,450000.0,14850000.0,,,,직접공사비 > 토목공사 > 토공사 > 1-1. 토목 및 흙막이공사 > 1-1-13. 잔여구조물 철거공사 > 강재손료
1.1.1.1.12.10,6,토류판,T=8,才,5821.0,1650.0,9604650.0,,,,직접공사비 > 토목공사 > 토공사 > 1-1. 토목 및 흙막이공사 > 1-1-13. 잔여구조물 철거공사 > 토류판
1.1.1.1.12.11,6,잔여구조물 철거공사,,M3,239.0,55000.0,13145000.0,,,,직접공사비 > 토목공사 > 토공사 > 1-1. 토목 및 흙막이공사 > 1-1-13. 잔여구조물 철거공사 > 잔여구조물 철거공사
1.2,2,표준 공통가설공사,,,0.0,0.0,4950000.0,,,,직접공사비 > 표준 공통가설공사
1.2.1,3,8. 환경관리비,,,0.0,0.0,4950000.0,,,,직접공사비 > 표준 공통가설공사 > 8. 환경관리비
1.2.1.1,4,건설폐기물 처리비,토공사,식,1.0,4950000.0,4950000.0,,,,직접공사비 > 표준 공통가설공사 > 8. 환경관리비 > 건설폐기물 처리비
2,1,법정경비 등,,,0.0,0.0,590591786.0,,,,법정경비 등
2.1,2,고용보험료,,,0.0,0.0,8000000.0,,,,법정경비 등 > 고용보험료
2.1.1,3,고용보험료,"노무비*1.30%, 토공사",식,1.0,8000000.0,8000000.0,,,,법정경비 등 > 고용보험료 > 고용보험료
2.2,2,안전관리비,,,0.0,0.0,20000000.0,,,,법정경비 등 > 안전관리비
2.2.1,3,안전관리비,"직접공사비*0.3%, 토공사",식,1.0,20000000.0,20000000.0,,,,법정경비 등 > 안전관리비 > 안전관리비
2.3,2,국민건강보험료,,,0.0,0.0,22000000.0,,,,법정경비 등 > 국민건강보험료
2.3.1,3,국민건강보험료,"직접노무비*3.545%, 토공사",식,1.0,22000000.0,22000000.0,,,,법정경비 등 > 국민건강보험료 > 국민건강보험료
2.4,2,노인장기요양보험료,,,0.0,0.0,3000000.0,,,,법정경비 등 > 노인장기요양보험료
2.4.1,3,노인장기요양보험료,"건강보험료*12.95%, 토공사",식,1.0,3000000.0,3000000.0,,,,법정경비 등 > 노인장기요양보험료 > 노인장기요양보험료
2.5,2,국민연금보험료,,,0.0,0.0,28000000.0,,,,법정경비 등 > 국민연금보험료
2.5.1,3,국민연금보험료,"직접노무비*4.5%, 토공사",식,1.0,28000000.0,28000000.0,,,,법정경비 등 > 국민연금보험료 > 국민연금보험료
2.6,2,퇴직공제부금,,,0.0,0.0,14000000.0,,,,법정경비 등 > 퇴직공제부금
2.6.1,3,퇴직공제부금,"직접노무비*2.3%, 토공사",식,1.0,14000000.0,14000000.0,,,,법정경비 등 > 퇴직공제부금 > 퇴직공제부금
2.7,2,건설기계대여금 보증수수료,,,0.0,0.0,26000000.0,,,,법정경비 등 > 건설기계대여금 보증수수료
2.7.1,3,건설기계대여금 보증수수료,"직접공사비*0.4%, 토공사",식,1.0,26000000.0,26000000.0,,,,법정경비 등 > 건설기계대여금 보증수수료 > 건설기계대여금 보증수수료
2.8,2,부가세보상비,,,0.0,0.0,469591786.0,,,,법정경비 등 > 부가세보상비
2.8.1,3,부가세보상비,"재료비*10%*98.72%, 토공사",식,1.0,469591786.0,469591786.0,,,,법정경비 등 > 부가세보상비 > 부가세보상비
